<?xml version="1.0" encoding="UTF-8"?>
<CompileSettings>
    <ProjectSettings>
        <Content Scope="Included">
            <Filter State="Off" Exclude="No" Type="Label">
                <CollectionID>33B96F18-C451-4610-8C9E-C95508CDFFC4</CollectionID>
                <Label>-1</Label>
                <Status>-1</Status>
            </Filter>
        </Content>
        <Options>
            <RemoveComments>Yes</RemoveComments>
            <RemoveAnnotations>Yes</RemoveAnnotations>
            <ResampleImages DPI="72">No</ResampleImages>
            <ConvertTablesAndListToMMD>Yes</ConvertTablesAndListToMMD>
            <PDF>
                <Cover Bleed="9.0" BleedUnits="pt"/>
                <Compression Enabled="No">
                    <ImageResolutionCompressionType>Set</ImageResolutionCompressionType>
                    <ImageResolution>150</ImageResolution>
                    <CompressionQuality>0.5</CompressionQuality>
                </Compression>
            </PDF>
            <Scriptwriting>
                <IncludeTitles>Yes</IncludeTitles>
                <IncludeSynopses>Yes</IncludeSynopses>
                <CommentsAsScriptNotes>Yes</CommentsAsScriptNotes>
            </Scriptwriting>
            <Ebook>
                <StartAfterFrontMatter>Yes</StartAfterFrontMatter>
                <Cover>
                    <ImageDocument Source="FrontMatter"/>
                    <Title>Cover</Title>
                    <SVG Width="600" Height="800"><![CDATA[]]></SVG>
                </Cover>
                <TOC PandocDepth="3">
                    <HTML Generate="Yes">
                        <Title>Contents</Title>
                    </HTML>
                </TOC>
            </Ebook>
        </Options>
        <MetaData>
            <ProjectTitle>User Manual</ProjectTitle>
            <ProjectAbbreviatedTitle>User Manual</ProjectAbbreviatedTitle>
            <EbookLanguage>en</EbookLanguage>
            <FountainTitlePageMetaData>
                <Value Key="Title"><![CDATA[<$projecttitle>]]></Value>
                <Value Key="Author"><![CDATA[<$author>]]></Value>
            </FountainTitlePageMetaData>
            <MMDMetaData>
                <Value Key="Title"><![CDATA[<$projecttitle>]]></Value>
                <Value Key="Author"><![CDATA[<$author>]]></Value>
            </MMDMetaData>
        </MetaData>
    </ProjectSettings>
    <CurrentFileType>pdf</CurrentFileType>
    <FormatSettings>
        <Format ID="DEFAULT">
            <SectionLayouts>
                <Type ID="C175426E-A608-4AA3-839E-A408777797C6">NEW-PAGE-HEADER-WITH-TEXT</Type>
                <Type ID="D9DCC02C-0BD0-4B42-BC8C-76606570FDF2">TEXT-SECTION</Type>
            </SectionLayouts>
        </Format>
    </FormatSettings>
    <LastUsedFormats>
        <Print>DEFAULT</Print>
        <pdf>DEFAULT</pdf>
    </LastUsedFormats>
</CompileSettings>