<?xml version="1.0" encoding="UTF-8"?>
<UIStates>
    <Binder Show="Yes">
        <ShowCollections>No</ShowCollections>
        <SelectedCollection>0</SelectedCollection>
        <SubdocumentCounts>No</SubdocumentCounts>
        <ExpandedItems>
            <ItemID>D7D69D38-BC4C-4E9E-8D1B-B903C8FAC291</ItemID>
            <ItemID>7545CED6-0807-4A7B-B61C-BDAC8E9112AA</ItemID>
            <ItemID>BC0C5155-7203-44FE-8E65-34870551A06C</ItemID>
            <ItemID>96B5762F-C9E3-473A-9407-89F7DD1D9DC3</ItemID>
            <ItemID>80A7DE05-5660-4048-9F91-68DE5D602349</ItemID>
            <ItemID>D4B787B8-3019-4041-A700-61C3D0C31CAE</ItemID>
            <ItemID>6796A864-D96D-4F39-B7FD-4512AA07B84C</ItemID>
            <ItemID>DD8E3F98-3825-44A7-9E88-1D8E798305A5</ItemID>
            <ItemID>5B0A968C-D0C8-4CE3-BB00-2B38DE8EA797</ItemID>
            <ItemID>45D3EDA0-A361-4176-AD06-37564BE632C6</ItemID>
            <ItemID>B8F62F4A-94A4-4C6E-A3A2-5CD6A8330822</ItemID>
            <ItemID>2AD50777-A711-43F7-8908-56F2416FB81F</ItemID>
            <ItemID>99BDEAE5-C0F4-4171-B99D-B055FDC26331</ItemID>
            <ItemID>EDFD84E7-4601-4AD1-A1C7-DD5539CCCAB5</ItemID>
            <ItemID>7AEF5E41-F282-40C4-BE89-216CA93A1E6B</ItemID>
        </ExpandedItems>
        <Selection>
            <ItemID>3A2E86AA-245B-4754-B01B-EB37277B1C94</ItemID>
        </Selection>
        <SearchResultsSort Titles="Ascending" Dates="Ascending">None</SearchResultsSort>
    </Binder>
    <Inspector Show="Yes" View="Comments">
        <ShowProjectBookmarks>No</ShowProjectBookmarks>
        <ShowSimilarTexts>No</ShowSimilarTexts>
        <Collapse>CustomMetaData</Collapse>
        <FootnoteNumbers Prompt="No">No</FootnoteNumbers>
    </Inspector>
    <Split>Vertical</Split>
    <BinderAffects>Current</BinderAffects>
    <Labels>
        <Binder FullWidth="No">No</Binder>
        <Icons>No</Icons>
        <IndexCards>No</IndexCards>
        <OutlinerRows>No</OutlinerRows>
        <ScriveningsTitles>No</ScriveningsTitles>
    </Labels>
    <Corkboards>
        <LabelIndicators>Yes</LabelIndicators>
        <Stamps>No</Stamps>
        <Keywords>No</Keywords>
        <Numbers Restart="No">No</Numbers>
        <SnapToGrid>No</SnapToGrid>
        <BlankCardsAsGhosts>No</BlankCardsAsGhosts>
    </Corkboards>
    <Text>
        <ShowFormatBar>Yes</ShowFormatBar>
        <UseVerticalLayout>No</UseVerticalLayout>
        <ShowScriveningsTitles>No</ShowScriveningsTitles>
        <ShowInvisibles>No</ShowInvisibles>
        <RevisionMode>0</RevisionMode>
        <TextChecking>
            <Spelling>No</Spelling>
            <Grammar>No</Grammar>
            <SmartQuotes>Yes</SmartQuotes>
            <SmartDashes>Yes</SmartDashes>
        </TextChecking>
    </Text>
    <FullScreen>
        <ShowRuler>No</ShowRuler>
        <PageLayout Facing="No">No</PageLayout>
        <TypewriterScrolling>Yes</TypewriterScrolling>
    </FullScreen>
    <Editors Primary="Editor1">
        <Editor1>
            <View>
                <ShowHeader>Yes</ShowHeader>
                <ShowFooter>Yes</ShowFooter>
                <GroupsViewMode>Scrivenings</GroupsViewMode>
                <CurrentViewMode>Single</CurrentViewMode>
                <SelectionAffects>None</SelectionAffects>
                <Content>
                    <ItemID>3A2E86AA-245B-4754-B01B-EB37277B1C94</ItemID>
                </Content>
                <NavigationHistory CurrentIndex="99">
                    <HistoryItem Type="BinderItems" ViewMode="Single">D2DAADD7-B78C-4979-AA19-8E5F6BF2C0C9</HistoryItem>
                    <HistoryItem Type="BinderItems" ViewMode="Single">2AD50777-A711-43F7-8908-56F2416FB81F</HistoryItem>
                    <HistoryItem Type="BinderItems" ViewMode="Single">B8F62F4A-94A4-4C6E-A3A2-5CD6A8330822</HistoryItem>
                    <HistoryItem Type="BinderItems" ViewMode="Single">EB2FB952-640D-4E07-B089-088ACBA947D2</HistoryItem>
                    <HistoryItem Type="BinderItems" ViewMode="Single">99BDEAE5-C0F4-4171-B99D-B055FDC26331</HistoryItem>
                    <HistoryItem Type="BinderItems" ViewMode="Single">D2DAADD7-B78C-4979-AA19-8E5F6BF2C0C9</HistoryItem>
                    <HistoryItem Type="BinderItems" ViewMode="Single">2AD50777-A711-43F7-8908-56F2416FB81F</HistoryItem>
                    <HistoryItem Type="BinderItems" ViewMode="Single">EB2FB952-640D-4E07-B089-088ACBA947D2</HistoryItem>
                    <HistoryItem Type="BinderItems" ViewMode="Single">99BDEAE5-C0F4-4171-B99D-B055FDC26331</HistoryItem>
                    <HistoryItem Type="BinderItems" ViewMode="Single">8ACEE019-9C65-4A2C-83F9-8D9363C25DE7</HistoryItem>
                    <HistoryItem Type="BinderItems" ViewMode="Single">99BDEAE5-C0F4-4171-B99D-B055FDC26331</HistoryItem>
                    <HistoryItem Type="BinderItems" ViewMode="Single">2AD50777-A711-43F7-8908-56F2416FB81F</HistoryItem>
                    <HistoryItem Type="BinderItems" ViewMode="Single">B8F62F4A-94A4-4C6E-A3A2-5CD6A8330822</HistoryItem>
                    <HistoryItem Type="BinderItems" ViewMode="Single">99BDEAE5-C0F4-4171-B99D-B055FDC26331</HistoryItem>
                    <HistoryItem Type="BinderItems" ViewMode="Single">2AD50777-A711-43F7-8908-56F2416FB81F</HistoryItem>
                    <HistoryItem Type="BinderItems" ViewMode="Single">99BDEAE5-C0F4-4171-B99D-B055FDC26331</HistoryItem>
                    <HistoryItem Type="BinderItems" ViewMode="Single">45D3EDA0-A361-4176-AD06-37564BE632C6</HistoryItem>
                    <HistoryItem Type="BinderItems" ViewMode="Single">DD8E3F98-3825-44A7-9E88-1D8E798305A5</HistoryItem>
                    <HistoryItem Type="BinderItems" ViewMode="Single">D4B787B8-3019-4041-A700-61C3D0C31CAE</HistoryItem>
                    <HistoryItem Type="BinderItems" ViewMode="Single">B8F62F4A-94A4-4C6E-A3A2-5CD6A8330822</HistoryItem>
                    <HistoryItem Type="BinderItems" ViewMode="Single">2AD50777-A711-43F7-8908-56F2416FB81F</HistoryItem>
                    <HistoryItem Type="BinderItems" ViewMode="Single">99BDEAE5-C0F4-4171-B99D-B055FDC26331</HistoryItem>
                    <HistoryItem Type="BinderItems" ViewMode="Single">45D3EDA0-A361-4176-AD06-37564BE632C6</HistoryItem>
                    <HistoryItem Type="BinderItems" ViewMode="Single">B8F62F4A-94A4-4C6E-A3A2-5CD6A8330822</HistoryItem>
                    <HistoryItem Type="BinderItems" ViewMode="Single">2AD50777-A711-43F7-8908-56F2416FB81F</HistoryItem>
                    <HistoryItem Type="BinderItems" ViewMode="Single">99BDEAE5-C0F4-4171-B99D-B055FDC26331</HistoryItem>
                    <HistoryItem Type="BinderItems" ViewMode="Single">DD8E3F98-3825-44A7-9E88-1D8E798305A5</HistoryItem>
                    <HistoryItem Type="BinderItems" ViewMode="Single">D4B787B8-3019-4041-A700-61C3D0C31CAE</HistoryItem>
                    <HistoryItem Type="BinderItems" ViewMode="Single">7545CED6-0807-4A7B-B61C-BDAC8E9112AA</HistoryItem>
                    <HistoryItem Type="BinderItems" ViewMode="Single">96B5762F-C9E3-473A-9407-89F7DD1D9DC3</HistoryItem>
                    <HistoryItem Type="BinderItems" ViewMode="Single">07DB99D6-757D-4DBE-97E2-63DAB544EB55</HistoryItem>
                    <HistoryItem Type="BinderItems" ViewMode="Single">D4B787B8-3019-4041-A700-61C3D0C31CAE</HistoryItem>
                    <HistoryItem Type="BinderItems" ViewMode="Single">6796A864-D96D-4F39-B7FD-4512AA07B84C</HistoryItem>
                    <HistoryItem Type="BinderItems" ViewMode="Single">D4B787B8-3019-4041-A700-61C3D0C31CAE</HistoryItem>
                    <HistoryItem Type="BinderItems" ViewMode="Single">6796A864-D96D-4F39-B7FD-4512AA07B84C</HistoryItem>
                    <HistoryItem Type="BinderItems" ViewMode="Single">39513FE0-DEBD-4C8E-B6B6-B41E3EF78E3D</HistoryItem>
                    <HistoryItem Type="BinderItems" ViewMode="Single">24729E7B-29A4-4A33-B08F-4A15733C0B56</HistoryItem>
                    <HistoryItem Type="BinderItems" ViewMode="Single">39513FE0-DEBD-4C8E-B6B6-B41E3EF78E3D</HistoryItem>
                    <HistoryItem Type="BinderItems" ViewMode="Single">4A5869D9-C065-494B-A19C-F9D83457E113</HistoryItem>
                    <HistoryItem Type="BinderItems" ViewMode="Single">39513FE0-DEBD-4C8E-B6B6-B41E3EF78E3D</HistoryItem>
                    <HistoryItem Type="BinderItems" ViewMode="Single">24729E7B-29A4-4A33-B08F-4A15733C0B56</HistoryItem>
                    <HistoryItem Type="BinderItems" ViewMode="Single">EDFD84E7-4601-4AD1-A1C7-DD5539CCCAB5</HistoryItem>
                    <HistoryItem Type="BinderItems" ViewMode="Single">72B73FDE-E797-4463-8970-6C4AE72792C0</HistoryItem>
                    <HistoryItem Type="BinderItems" ViewMode="Single">24729E7B-29A4-4A33-B08F-4A15733C0B56</HistoryItem>
                    <HistoryItem Type="BinderItems" ViewMode="Single">96B5762F-C9E3-473A-9407-89F7DD1D9DC3</HistoryItem>
                    <HistoryItem Type="BinderItems" ViewMode="Single">72E98105-1722-4895-8034-505EFA838424</HistoryItem>
                    <HistoryItem Type="BinderItems" ViewMode="Single">854F4088-2E2F-4428-8E4C-23C1DF7858E0</HistoryItem>
                    <HistoryItem Type="BinderItems" ViewMode="Single">72E98105-1722-4895-8034-505EFA838424</HistoryItem>
                    <HistoryItem Type="BinderItems" ViewMode="Single">854F4088-2E2F-4428-8E4C-23C1DF7858E0</HistoryItem>
                    <HistoryItem Type="BinderItems" ViewMode="Single">24729E7B-29A4-4A33-B08F-4A15733C0B56</HistoryItem>
                    <HistoryItem Type="BinderItems" ViewMode="Single">39513FE0-DEBD-4C8E-B6B6-B41E3EF78E3D</HistoryItem>
                    <HistoryItem Type="BinderItems" ViewMode="Single">4A5869D9-C065-494B-A19C-F9D83457E113</HistoryItem>
                    <HistoryItem Type="BinderItems" ViewMode="Single">39513FE0-DEBD-4C8E-B6B6-B41E3EF78E3D</HistoryItem>
                    <HistoryItem Type="BinderItems" ViewMode="Single">4A5869D9-C065-494B-A19C-F9D83457E113</HistoryItem>
                    <HistoryItem Type="BinderItems" ViewMode="Single">39513FE0-DEBD-4C8E-B6B6-B41E3EF78E3D</HistoryItem>
                    <HistoryItem Type="BinderItems" ViewMode="Single">4A5869D9-C065-494B-A19C-F9D83457E113</HistoryItem>
                    <HistoryItem Type="BinderItems" ViewMode="Single">39513FE0-DEBD-4C8E-B6B6-B41E3EF78E3D</HistoryItem>
                    <HistoryItem Type="BinderItems" ViewMode="Single">EDA6A0F4-C4FB-4B39-A9FC-F3D913BDB5AA</HistoryItem>
                    <HistoryItem Type="BinderItems" ViewMode="Single">57ACF8E1-03E6-4341-B00B-0C30FBD20F2E</HistoryItem>
                    <HistoryItem Type="BinderItems" ViewMode="Single">EDA6A0F4-C4FB-4B39-A9FC-F3D913BDB5AA</HistoryItem>
                    <HistoryItem Type="BinderItems" ViewMode="Single">57ACF8E1-03E6-4341-B00B-0C30FBD20F2E</HistoryItem>
                    <HistoryItem Type="BinderItems" ViewMode="Single">DA74252C-3D59-48AF-AE95-E886B0AFE989</HistoryItem>
                    <HistoryItem Type="BinderItems" ViewMode="Single">EF57A482-5D62-439F-BCD6-64D8824BB68C</HistoryItem>
                    <HistoryItem Type="BinderItems" ViewMode="Single">DA74252C-3D59-48AF-AE95-E886B0AFE989</HistoryItem>
                    <HistoryItem Type="BinderItems" ViewMode="Single">D87F128B-526A-44E7-82D9-98C11E523195</HistoryItem>
                    <HistoryItem Type="BinderItems" ViewMode="Single">EDA6A0F4-C4FB-4B39-A9FC-F3D913BDB5AA</HistoryItem>
                    <HistoryItem Type="BinderItems" ViewMode="Single">7DAC9186-BB48-4D84-A450-A9B0379E7DDA</HistoryItem>
                    <HistoryItem Type="BinderItems" ViewMode="Single">DA74252C-3D59-48AF-AE95-E886B0AFE989</HistoryItem>
                    <HistoryItem Type="BinderItems" ViewMode="Single">7DAC9186-BB48-4D84-A450-A9B0379E7DDA</HistoryItem>
                    <HistoryItem Type="BinderItems" ViewMode="Single">EFE56E7A-B8C4-4C81-8B29-9653B4CB38F9</HistoryItem>
                    <HistoryItem Type="BinderItems" ViewMode="Single">DD8E3F98-3825-44A7-9E88-1D8E798305A5</HistoryItem>
                    <HistoryItem Type="BinderItems" ViewMode="Single">DD3A4527-22E1-41A3-81A8-67BC0C291A6D</HistoryItem>
                    <HistoryItem Type="BinderItems" ViewMode="Single">5B0A968C-D0C8-4CE3-BB00-2B38DE8EA797</HistoryItem>
                    <HistoryItem Type="BinderItems" ViewMode="Single">D39652AF-F722-4B7C-B866-7AFF6A5F154B</HistoryItem>
                    <HistoryItem Type="BinderItems" ViewMode="Single">4B00672A-7CD9-491F-8550-A7DD84B44633</HistoryItem>
                    <HistoryItem Type="BinderItems" ViewMode="Single">EDAF25CF-71E8-46AD-86D2-F6EAD2CBAAE2</HistoryItem>
                    <HistoryItem Type="BinderItems" ViewMode="Scrivenings" ScriveningsSelection="0,0">D39652AF-F722-4B7C-B866-7AFF6A5F154B</HistoryItem>
                    <HistoryItem Type="BinderItems" ViewMode="Single">4B00672A-7CD9-491F-8550-A7DD84B44633</HistoryItem>
                    <HistoryItem Type="BinderItems" ViewMode="Single">399546D4-BA65-4584-B0A6-AA0BC7E239E4</HistoryItem>
                    <HistoryItem Type="BinderItems" ViewMode="Single">4B00672A-7CD9-491F-8550-A7DD84B44633</HistoryItem>
                    <HistoryItem Type="BinderItems" ViewMode="Single">399546D4-BA65-4584-B0A6-AA0BC7E239E4</HistoryItem>
                    <HistoryItem Type="BinderItems" ViewMode="Single">EDAF25CF-71E8-46AD-86D2-F6EAD2CBAAE2</HistoryItem>
                    <HistoryItem Type="BinderItems" ViewMode="Single">D39652AF-F722-4B7C-B866-7AFF6A5F154B</HistoryItem>
                    <HistoryItem Type="BinderItems" ViewMode="Single">5B0A968C-D0C8-4CE3-BB00-2B38DE8EA797</HistoryItem>
                    <HistoryItem Type="BinderItems" ViewMode="Single">D39652AF-F722-4B7C-B866-7AFF6A5F154B</HistoryItem>
                    <HistoryItem Type="BinderItems" ViewMode="Single">4B00672A-7CD9-491F-8550-A7DD84B44633</HistoryItem>
                    <HistoryItem Type="BinderItems" ViewMode="Single">EDAF25CF-71E8-46AD-86D2-F6EAD2CBAAE2</HistoryItem>
                    <HistoryItem Type="BinderItems" ViewMode="Single">03D44300-9D37-418A-BA4F-3E47FAAE5E31</HistoryItem>
                    <HistoryItem Type="BinderItems" ViewMode="Single">EDAF25CF-71E8-46AD-86D2-F6EAD2CBAAE2</HistoryItem>
                    <HistoryItem Type="BinderItems" ViewMode="Single">03D44300-9D37-418A-BA4F-3E47FAAE5E31</HistoryItem>
                    <HistoryItem Type="BinderItems" ViewMode="Single">108155DF-0358-4A43-82C1-F56E30705BA1</HistoryItem>
                    <HistoryItem Type="BinderItems" ViewMode="Single">EDAF25CF-71E8-46AD-86D2-F6EAD2CBAAE2</HistoryItem>
                    <HistoryItem Type="BinderItems" ViewMode="Single">108155DF-0358-4A43-82C1-F56E30705BA1</HistoryItem>
                    <HistoryItem Type="BinderItems" ViewMode="Single">45D3EDA0-A361-4176-AD06-37564BE632C6</HistoryItem>
                    <HistoryItem Type="BinderItems" ViewMode="Single">3A2E86AA-245B-4754-B01B-EB37277B1C94</HistoryItem>
                    <HistoryItem Type="BinderItems" ViewMode="Single">94041F2F-B1E2-4936-867D-79DBEC7DA2BD</HistoryItem>
                    <HistoryItem Type="BinderItems" ViewMode="Single">69452E90-3592-48C3-8BFD-294D14520CD8</HistoryItem>
                    <HistoryItem Type="BinderItems" ViewMode="Single">3A2E86AA-245B-4754-B01B-EB37277B1C94</HistoryItem>
                    <HistoryItem Type="BinderItems" ViewMode="Single">45D3EDA0-A361-4176-AD06-37564BE632C6</HistoryItem>
                    <HistoryItem Type="BinderItems" ViewMode="Single">3A2E86AA-245B-4754-B01B-EB37277B1C94</HistoryItem>
                </NavigationHistory>
            </View>
            <Text>
                <ShowRuler>No</ShowRuler>
                <PageLayout Facing="No">No</PageLayout>
                <TypewriterScrolling>No</TypewriterScrolling>
                <LineNumbers Interval="1">No</LineNumbers>
                <Selection>18,0</Selection>
            </Text>
            <Outliner>
                <Columns>
                    <ColID>title</ColID>
                    <ColID>label</ColID>
                    <ColID>status</ColID>
                    <ColID>sectionType</ColID>
                </Columns>
                <ExpandedItems>
                    <ItemID>A7FBAE8E-F77E-42CA-88AE-1DC84A4F2D44</ItemID>
                    <ItemID>0A47547B-4031-4891-A452-41DA3F8E5128</ItemID>
                    <ItemID>45D3EDA0-A361-4176-AD06-37564BE632C6</ItemID>
                    <ItemID>D4B787B8-3019-4041-A700-61C3D0C31CAE</ItemID>
                    <ItemID>6796A864-D96D-4F39-B7FD-4512AA07B84C</ItemID>
                </ExpandedItems>
                <TitlesOnly>No</TitlesOnly>
                <HideIcons>No</HideIcons>
                <ShowNumbers>No</ShowNumbers>
                <KeywordsAsChips>Yes</KeywordsAsChips>
                <FixedRowHeights>No</FixedRowHeights>
            </Outliner>
            <Corkboard>
                <CardsAcross>-1</CardsAcross>
                <KeywordChips>5</KeywordChips>
                <SizeCardsToFit>Yes</SizeCardsToFit>
                <CardHeightRatio>0.6666</CardHeightRatio>
                <SectionsArrangement>Wrap</SectionsArrangement>
                <LabelThreadsUseColumns>No</LabelThreadsUseColumns>
            </Corkboard>
            <Copyholder PreferredOrientation="Vertical" VerticalPos="Right" HorizontalPos="Bottom">
                <Text>
                    <ShowRuler>No</ShowRuler>
                    <PageLayout Facing="No">No</PageLayout>
                    <TypewriterScrolling>No</TypewriterScrolling>
                    <LineNumbers Interval="1">No</LineNumbers>
                </Text>
            </Copyholder>
        </Editor1>
        <Editor2>
            <View>
                <ShowHeader>Yes</ShowHeader>
                <ShowFooter>Yes</ShowFooter>
                <GroupsViewMode>Scrivenings</GroupsViewMode>
                <CurrentViewMode>Scrivenings</CurrentViewMode>
                <SelectionAffects>None</SelectionAffects>
                <Content>
                    <ItemID>D7D69D38-BC4C-4E9E-8D1B-B903C8FAC291</ItemID>
                </Content>
                <NavigationHistory CurrentIndex="47">
                    <HistoryItem Type="BinderItems" ViewMode="Single">7545CED6-0807-4A7B-B61C-BDAC8E9112AA</HistoryItem>
                    <HistoryItem Type="BinderItems" ViewMode="Scrivenings" ScriveningsSelection="0,0">D7D69D38-BC4C-4E9E-8D1B-B903C8FAC291</HistoryItem>
                    <HistoryItem Type="BinderItems" ViewMode="Single">7545CED6-0807-4A7B-B61C-BDAC8E9112AA</HistoryItem>
                    <HistoryItem Type="BinderItems" ViewMode="Single">BC0C5155-7203-44FE-8E65-34870551A06C</HistoryItem>
                    <HistoryItem Type="BinderItems" ViewMode="Scrivenings" ScriveningsSelection="0,0">D7D69D38-BC4C-4E9E-8D1B-B903C8FAC291</HistoryItem>
                    <HistoryItem Type="BinderItems" ViewMode="Single">A7FBAE8E-F77E-42CA-88AE-1DC84A4F2D44</HistoryItem>
                    <HistoryItem Type="BinderItems" ViewMode="Scrivenings" ScriveningsSelection="0,0">D7D69D38-BC4C-4E9E-8D1B-B903C8FAC291</HistoryItem>
                    <HistoryItem Type="BinderItems" ViewMode="Single">5160E861-1293-47C9-A4B3-66A09B8D4073</HistoryItem>
                    <HistoryItem Type="BinderItems" ViewMode="Single">06EE14D4-5E3A-4829-9C17-CC9BB99875FD</HistoryItem>
                    <HistoryItem Type="BinderItems" ViewMode="Single">C8A0DA72-7D5D-4C8F-A0D5-301DFAFE8B48</HistoryItem>
                    <HistoryItem Type="BinderItems" ViewMode="Single">2DA9FB89-FDE5-47BC-A153-6270A4891EBB</HistoryItem>
                    <HistoryItem Type="BinderItems" ViewMode="Single">E34EE826-8EF2-48B8-8C8A-D0094F36E480</HistoryItem>
                    <HistoryItem Type="BinderItems" ViewMode="Single">2DA9FB89-FDE5-47BC-A153-6270A4891EBB</HistoryItem>
                    <HistoryItem Type="BinderItems" ViewMode="Single">E34EE826-8EF2-48B8-8C8A-D0094F36E480</HistoryItem>
                    <HistoryItem Type="BinderItems" ViewMode="Scrivenings" ScriveningsSelection="0,0">D7D69D38-BC4C-4E9E-8D1B-B903C8FAC291</HistoryItem>
                    <HistoryItem Type="BinderItems" ViewMode="Single">B8F62F4A-94A4-4C6E-A3A2-5CD6A8330822</HistoryItem>
                    <HistoryItem Type="BinderItems" ViewMode="Single">A7FBAE8E-F77E-42CA-88AE-1DC84A4F2D44</HistoryItem>
                    <HistoryItem Type="BinderItems" ViewMode="Single">2AD50777-A711-43F7-8908-56F2416FB81F</HistoryItem>
                    <HistoryItem Type="BinderItems" ViewMode="Scrivenings" ScriveningsSelection="0,0">D7D69D38-BC4C-4E9E-8D1B-B903C8FAC291</HistoryItem>
                    <HistoryItem Type="BinderItems" ViewMode="Single">80A7DE05-5660-4048-9F91-68DE5D602349</HistoryItem>
                    <HistoryItem Type="BinderItems" ViewMode="Scrivenings" ScriveningsSelection="0,0">D7D69D38-BC4C-4E9E-8D1B-B903C8FAC291</HistoryItem>
                    <HistoryItem Type="BinderItems" ViewMode="Single">7545CED6-0807-4A7B-B61C-BDAC8E9112AA</HistoryItem>
                    <HistoryItem Type="BinderItems" ViewMode="Single">BC0C5155-7203-44FE-8E65-34870551A06C</HistoryItem>
                    <HistoryItem Type="BinderItems" ViewMode="Single">50F7366A-6A57-41A8-9591-8CCC5ACE4209</HistoryItem>
                    <HistoryItem Type="BinderItems" ViewMode="Single">020BF4FF-D449-4E23-8745-C63ED532AE41</HistoryItem>
                    <HistoryItem Type="BinderItems" ViewMode="Single">5160E861-1293-47C9-A4B3-66A09B8D4073</HistoryItem>
                    <HistoryItem Type="BinderItems" ViewMode="Single">80A7DE05-5660-4048-9F91-68DE5D602349</HistoryItem>
                    <HistoryItem Type="BinderItems" ViewMode="Scrivenings" ScriveningsSelection="0,0">D7D69D38-BC4C-4E9E-8D1B-B903C8FAC291</HistoryItem>
                    <HistoryItem Type="BinderItems" ViewMode="Single">DD3A4527-22E1-41A3-81A8-67BC0C291A6D</HistoryItem>
                    <HistoryItem Type="BinderItems" ViewMode="Scrivenings" ScriveningsSelection="0,0">D7D69D38-BC4C-4E9E-8D1B-B903C8FAC291</HistoryItem>
                    <HistoryItem Type="BinderItems" ViewMode="Single">7545CED6-0807-4A7B-B61C-BDAC8E9112AA</HistoryItem>
                    <HistoryItem Type="BinderItems" ViewMode="Scrivenings" ScriveningsSelection="0,0">D7D69D38-BC4C-4E9E-8D1B-B903C8FAC291</HistoryItem>
                    <HistoryItem Type="BinderItems" ViewMode="Single">2AD50777-A711-43F7-8908-56F2416FB81F</HistoryItem>
                    <HistoryItem Type="BinderItems" ViewMode="Single">E962808F-1F2F-4870-8A36-4FCFD66292C2</HistoryItem>
                    <HistoryItem Type="BinderItems" ViewMode="Single">AF06E34C-C1D9-4173-A84E-CF183879D0EB</HistoryItem>
                    <HistoryItem Type="BinderItems" ViewMode="Single">46A12B4B-46CA-4732-B392-B191EAB15CDF</HistoryItem>
                    <HistoryItem Type="BinderItems" ViewMode="Single">FF9D355E-C7A9-4A09-8E1E-799BE1270130</HistoryItem>
                    <HistoryItem Type="BinderItems" ViewMode="Single">139868FD-F5B2-44BD-8B02-81026D51A206</HistoryItem>
                    <HistoryItem Type="BinderItems" ViewMode="Single">D4B787B8-3019-4041-A700-61C3D0C31CAE</HistoryItem>
                    <HistoryItem Type="BinderItems" ViewMode="Single">854F4088-2E2F-4428-8E4C-23C1DF7858E0</HistoryItem>
                    <HistoryItem Type="BinderItems" ViewMode="Single">AF06E34C-C1D9-4173-A84E-CF183879D0EB</HistoryItem>
                    <HistoryItem Type="BinderItems" ViewMode="Single">854F4088-2E2F-4428-8E4C-23C1DF7858E0</HistoryItem>
                    <HistoryItem Type="BinderItems" ViewMode="Scrivenings" ScriveningsSelection="0,0">7545CED6-0807-4A7B-B61C-BDAC8E9112AA</HistoryItem>
                    <HistoryItem Type="BinderItems" ViewMode="Scrivenings" ScriveningsSelection="6378,15">D7D69D38-BC4C-4E9E-8D1B-B903C8FAC291</HistoryItem>
                    <HistoryItem Type="BinderItems" ViewMode="Single">F1825E21-F5CB-4D03-9137-9EF6280B99DE</HistoryItem>
                    <HistoryItem Type="BinderItems" ViewMode="Single">8F5F48B8-B5E9-42C1-85B7-A7EC0D05B2BE</HistoryItem>
                    <HistoryItem Type="BinderItems" ViewMode="Single">4B00672A-7CD9-491F-8550-A7DD84B44633</HistoryItem>
                    <HistoryItem Type="BinderItems" ViewMode="Scrivenings">D7D69D38-BC4C-4E9E-8D1B-B903C8FAC291</HistoryItem>
                </NavigationHistory>
            </View>
            <Text>
                <ShowRuler>No</ShowRuler>
                <PageLayout Facing="No">No</PageLayout>
                <TypewriterScrolling>No</TypewriterScrolling>
                <LineNumbers Interval="1">No</LineNumbers>
                <Selection>5527,0</Selection>
            </Text>
            <Outliner>
                <Columns>
                    <ColID>title</ColID>
                    <ColID>label</ColID>
                    <ColID>status</ColID>
                    <ColID>sectionType</ColID>
                </Columns>
                <TitlesOnly>No</TitlesOnly>
                <HideIcons>No</HideIcons>
                <ShowNumbers>No</ShowNumbers>
                <KeywordsAsChips>Yes</KeywordsAsChips>
                <FixedRowHeights>No</FixedRowHeights>
            </Outliner>
            <Corkboard>
                <CardsAcross>-1</CardsAcross>
                <KeywordChips>5</KeywordChips>
                <SizeCardsToFit>Yes</SizeCardsToFit>
                <CardHeightRatio>0.6666</CardHeightRatio>
                <SectionsArrangement>Wrap</SectionsArrangement>
                <LabelThreadsUseColumns>No</LabelThreadsUseColumns>
            </Corkboard>
            <Copyholder PreferredOrientation="Vertical" VerticalPos="Right" HorizontalPos="Bottom">
                <Text>
                    <ShowRuler>No</ShowRuler>
                    <PageLayout Facing="No">No</PageLayout>
                    <TypewriterScrolling>No</TypewriterScrolling>
                    <LineNumbers Interval="1">No</LineNumbers>
                </Text>
            </Copyholder>
        </Editor2>
    </Editors>
</UIStates>